<ucReply xmlns:xsd="http://www.w3.org/2001/XMLSchema" xmlns:xsi="http://www.w3.org/2001/XMLSchema-instance">
  <status p4:result="ok" xmlns:p4="http://www.uc.se/schemas/ucOrderReply/" xmlns="http://www.uc.se/schemas/ucOrderReply/" />
  <ucReport xmlns="http://www.uc.se/schemas/ucOrderReply/">
    <xmlReply>
      <p6:reports p6:lang="swe" xmlns:p6="http://www.uc.se/schemas/ucOrderReply/">
        <p6:report p6:id="9501240254" p6:name="'Rolf' Peter Olof Nilsson" p6:styp="3" p6:index="0">
          <p6:group p6:id="W080" p6:index="0" p6:key="" p6:name="ID-uppgifter, fysiker">
            <p6:term p6:id="W08001">9950124025</p6:term>
            <p6:term p6:id="W08002">9501240254</p6:term>
            <p6:term p6:id="W08003">'Rolf' Peter Olof Nilsson</p6:term>
            <p6:term p6:id="W08004">Veckholm Basta 17</p6:term>
            <p6:term p6:id="W08005">29136</p6:term>
            <p6:term p6:id="W08006">Kristianstad</p6:term>
            <p6:term p6:id="W08018">N</p6:term>
            <p6:term p6:id="W08027" />
            <p6:term p6:id="W08030">1</p6:term>
            <p6:term p6:id="W08043">Ogift</p6:term>
            <p6:term p6:id="W08009">12</p6:term>
            <p6:term p6:id="W08012">Skåne</p6:term>
            <p6:term p6:id="W08010">90</p6:term>
            <p6:term p6:id="W08013">Kristianstad</p6:term>
            <p6:term p6:id="W08011">01</p6:term>
            <p6:term p6:id="W08014">Kristianst. Hel. Tref.</p6:term>
            <p6:term p6:id="W08036">2017-11-01</p6:term>
            <p6:term p6:id="W08037">05</p6:term>
            <p6:term p6:id="W08040">Östergötlands</p6:term>
            <p6:term p6:id="W08038">83</p6:term>
            <p6:term p6:id="W08041">Motala</p6:term>
            <p6:term p6:id="W08039">01</p6:term>
            <p6:term p6:id="W08042">Motala</p6:term>
            <p6:term p6:id="W08035">Nilsson, Rolf Peter Olof</p6:term>
            <p6:term p6:id="W08070">Nilsson, Rolf Peter Olof</p6:term>
            <p6:term p6:id="W08071">Veckholm Basta 17</p6:term>
            <p6:term p6:id="W08072">Kristianstad</p6:term>
            <p6:term p6:id="W08083">Rolf Peter Olof</p6:term>
            <p6:term p6:id="W08084">Nilsson</p6:term>
            <p6:term p6:id="W08085">Rolf</p6:term>
          </p6:group>
          <p6:group p6:id="W2B0" p6:index="0" p6:key="" p6:name="Historiska adresser">
            <p6:term p6:id="W2B001">201808</p6:term>
            <p6:term p6:id="W2B002">Silverringen 39 5 tr</p6:term>
            <p6:term p6:id="W2B003">45335</p6:term>
            <p6:term p6:id="W2B004">Lysekil</p6:term>
          </p6:group>
          <p6:group p6:id="W491" p6:index="0" p6:key="2017" p6:name="Inkomstuppgifter">
            <p6:term p6:id="W49101">2017</p6:term>
            <p6:term p6:id="W49117">131</p6:term>
            <p6:term p6:id="W49122">131</p6:term>
            <p6:term p6:id="W49141">18</p6:term>
            <p6:term p6:id="W49191">18</p6:term>
            <p6:term p6:id="W49192">131</p6:term>
          </p6:group>
          <p6:group p6:id="W491" p6:index="1" p6:key="2016" p6:name="Inkomstuppgifter">
            <p6:term p6:id="W49101">2016</p6:term>
            <p6:term p6:id="W49117">147</p6:term>
            <p6:term p6:id="W49122">147</p6:term>
            <p6:term p6:id="W49141">22</p6:term>
            <p6:term p6:id="W49191">22</p6:term>
            <p6:term p6:id="W49192">147</p6:term>
          </p6:group>
          <p6:group p6:id="W495" p6:index="0" p6:key="2017" p6:name="Inkomstuppgifter">
            <p6:term p6:id="W49501">2017</p6:term>
            <p6:term p6:id="W49517">130800</p6:term>
            <p6:term p6:id="W49522">130800</p6:term>
            <p6:term p6:id="W49541">18100</p6:term>
            <p6:term p6:id="W49591">18100</p6:term>
            <p6:term p6:id="W49592">130800</p6:term>
          </p6:group>
          <p6:group p6:id="W495" p6:index="1" p6:key="2016" p6:name="Inkomstuppgifter">
            <p6:term p6:id="W49501">2016</p6:term>
            <p6:term p6:id="W49517">146500</p6:term>
            <p6:term p6:id="W49522">146500</p6:term>
            <p6:term p6:id="W49541">22400</p6:term>
            <p6:term p6:id="W49591">22400</p6:term>
            <p6:term p6:id="W49592">146500</p6:term>
          </p6:group>
          <p6:group p6:id="W640" p6:index="0" p6:key="100000" p6:name="Frågor">
            <p6:term p6:id="W64001">5</p6:term>
            <p6:term p6:id="W64016">0</p6:term>
            <p6:term p6:id="W64020">5</p6:term>
          </p6:group>
          <p6:group p6:id="W640" p6:index="1" p6:key="181030" p6:name="Frågor">
            <p6:term p6:id="W64002">20181030</p6:term>
            <p6:term p6:id="W64004">Bostadskreditinstitutet Alma AB (Publ)</p6:term>
            <p6:term p6:id="W64005">0</p6:term>
            <p6:term p6:id="W64007">A</p6:term>
            <p6:term p6:id="W64011">1</p6:term>
          </p6:group>
          <p6:group p6:id="W640" p6:index="2" p6:key="180326" p6:name="Frågor">
            <p6:term p6:id="W64002">20180326</p6:term>
            <p6:term p6:id="W64004">Advisa AB</p6:term>
            <p6:term p6:id="W64005">0</p6:term>
            <p6:term p6:id="W64007">L</p6:term>
            <p6:term p6:id="W64011">1</p6:term>
          </p6:group>
          <p6:group p6:id="W640" p6:index="3" p6:key="180325" p6:name="Frågor">
            <p6:term p6:id="W64002">20180325</p6:term>
            <p6:term p6:id="W64004">Lendo AB/Compricer AB</p6:term>
            <p6:term p6:id="W64005">0</p6:term>
            <p6:term p6:id="W64007">L</p6:term>
            <p6:term p6:id="W64011">1</p6:term>
          </p6:group>
          <p6:group p6:id="W640" p6:index="4" p6:key="180303" p6:name="Frågor">
            <p6:term p6:id="W64002">20180303</p6:term>
            <p6:term p6:id="W64004">Freedom Finance Kreditservice AB</p6:term>
            <p6:term p6:id="W64005">0</p6:term>
            <p6:term p6:id="W64007">L</p6:term>
            <p6:term p6:id="W64011">1</p6:term>
          </p6:group>
          <p6:group p6:id="W640" p6:index="5" p6:key="171130" p6:name="Frågor">
            <p6:term p6:id="W64002">20171130</p6:term>
            <p6:term p6:id="W64004">Lendo AB/Compricer AB</p6:term>
            <p6:term p6:id="W64005">0</p6:term>
            <p6:term p6:id="W64007">L</p6:term>
            <p6:term p6:id="W64011">1</p6:term>
          </p6:group>
          <p6:group p6:id="W131" p6:index="0" p6:key="" p6:name="Mallbeslut">
            <p6:term p6:id="W13105">J</p6:term>
            <p6:term p6:id="W13111">3,2 %</p6:term>
            <p6:term p6:id="W13130">J</p6:term>
            <p6:term p6:id="W13131">N</p6:term>
            <p6:term p6:id="W13132">Riskprognos</p6:term>
            <p6:term p6:id="W13136">R</p6:term>
            <p6:term p6:id="W13139">00320</p6:term>
            <p6:term p6:id="W13147">3,17 %</p6:term>
            <p6:term p6:id="W13149">Ja enl mall  ABL</p6:term>
          </p6:group>
          <p6:group p6:id="W132" p6:index="0" p6:key="" p6:name="Orsakstexter">
            <p6:term p6:id="W13202">Prövad kredit bör beviljas</p6:term>
          </p6:group>
          <p6:group p6:id="W133" p6:index="0" p6:key="" p6:name="Mallinformation">
            <p6:term p6:id="W13301">ABL</p6:term>
            <p6:term p6:id="W13302">BKI ALMA AB</p6:term>
            <p6:term p6:id="W13309">J</p6:term>
            <p6:term p6:id="W13350">N</p6:term>
            <p6:term p6:id="W13351">ABL</p6:term>
            <p6:term p6:id="W13352">2</p6:term>
          </p6:group>
          <p6:group p6:id="W990" p6:index="0" p6:key="" p6:name=" ">
            <p6:term p6:id="W99004">3</p6:term>
          </p6:group>
          <p6:group p6:id="W980" p6:index="0" p6:key="" p6:name="Diverseuppgifter">
            <p6:term p6:id="W98001">sammanfattning</p6:term>
            <p6:term p6:id="W98002">handelser</p6:term>
            <p6:term p6:id="W98003">kreditomdome</p6:term>
            <p6:term p6:id="W98004">allmant</p6:term>
            <p6:term p6:id="W98005">inkomst</p6:term>
            <p6:term p6:id="W98006">anm</p6:term>
            <p6:term p6:id="W98007">fragor</p6:term>
            <p6:term p6:id="W98021">F01</p6:term>
            <p6:term p6:id="W98023">4</p6:term>
            <p6:term p6:id="W98024">0</p6:term>
            <p6:term p6:id="W98029">0</p6:term>
            <p6:term p6:id="W98036">0</p6:term>
            <p6:term p6:id="W98038">J</p6:term>
            <p6:term p6:id="W98040">Webservices 3</p6:term>
            <p6:term p6:id="W98041">Bostadskreditinstitutet Alma AB (Publ)</p6:term>
            <p6:term p6:id="W98042">20181030</p6:term>
            <p6:term p6:id="W98051">3</p6:term>
            <p6:term p6:id="W98052">1</p6:term>
            <p6:term p6:id="W98054">N</p6:term>
          </p6:group>
          <p6:group p6:id="W981" p6:index="0" p6:key="" p6:name="Aktuella bildval">
            <p6:term p6:id="W98101">H02</p6:term>
            <p6:term p6:id="W98102">Sammanfattning</p6:term>
            <p6:term p6:id="W98103">sammanfattning</p6:term>
            <p6:term p6:id="W98104">#H02</p6:term>
          </p6:group>
          <p6:group p6:id="W981" p6:index="1" p6:key="" p6:name="Aktuella bildval">
            <p6:term p6:id="W98101">H04</p6:term>
            <p6:term p6:id="W98102">Senast registrerade händelser</p6:term>
            <p6:term p6:id="W98103">handelser</p6:term>
            <p6:term p6:id="W98104">#H04</p6:term>
          </p6:group>
          <p6:group p6:id="W981" p6:index="2" p6:key="" p6:name="Aktuella bildval">
            <p6:term p6:id="W98101">H06</p6:term>
            <p6:term p6:id="W98102">Kreditomdöme</p6:term>
            <p6:term p6:id="W98103">kreditomdome</p6:term>
            <p6:term p6:id="W98104">#H06</p6:term>
          </p6:group>
          <p6:group p6:id="W981" p6:index="3" p6:key="" p6:name="Aktuella bildval">
            <p6:term p6:id="W98101">H08</p6:term>
            <p6:term p6:id="W98102">Allmänna uppgifter</p6:term>
            <p6:term p6:id="W98103">allmant</p6:term>
            <p6:term p6:id="W98104">#H08</p6:term>
          </p6:group>
          <p6:group p6:id="W981" p6:index="4" p6:key="" p6:name="Aktuella bildval">
            <p6:term p6:id="W98101">H12</p6:term>
            <p6:term p6:id="W98102">Inkomstuppgifter</p6:term>
            <p6:term p6:id="W98103">inkomst</p6:term>
            <p6:term p6:id="W98104">#H12</p6:term>
          </p6:group>
          <p6:group p6:id="W981" p6:index="5" p6:key="" p6:name="Aktuella bildval">
            <p6:term p6:id="W98101">H22</p6:term>
            <p6:term p6:id="W98102">Betalningsanmärkningar och andra anmärkningar</p6:term>
            <p6:term p6:id="W98103">anm</p6:term>
            <p6:term p6:id="W98104">#H22</p6:term>
          </p6:group>
          <p6:group p6:id="W981" p6:index="6" p6:key="" p6:name="Aktuella bildval">
            <p6:term p6:id="W98101">H24</p6:term>
            <p6:term p6:id="W98102">Senaste frågor hos UC</p6:term>
            <p6:term p6:id="W98103">fragor</p6:term>
            <p6:term p6:id="W98104">#H24</p6:term>
          </p6:group>
          <p6:group p6:id="W981" p6:index="7" p6:key="" p6:name="Aktuella bildval">
            <p6:term p6:id="W98101">H30</p6:term>
            <p6:term p6:id="W98102">UC:s ansvar</p6:term>
            <p6:term p6:id="W98103" />
            <p6:term p6:id="W98104">#H30</p6:term>
          </p6:group>
        </p6:report>
      </p6:reports>
    </xmlReply>
  </ucReport>
</ucReply>