﻿<?xml version="1.0" encoding="utf-8"?>
<ucReply xmlns:xsd="http://www.w3.org/2001/XMLSchema" xmlns:xsi="http://www.w3.org/2001/XMLSchema-instance">
  <status p4:result="ok" xmlns:p4="http://www.uc.se/schemas/ucOrderReply/" xmlns="http://www.uc.se/schemas/ucOrderReply/" />
  <ucReport xmlns="http://www.uc.se/schemas/ucOrderReply/">
    <xmlReply>
      <p6:reports p6:lang="swe" xmlns:p6="http://www.uc.se/schemas/ucOrderReply/">
        <p6:report p6:id="9911273333" p6:name="Kjell-'Åke' Lennart Svensson" p6:styp="3" p6:index="0">
          <p6:group p6:id="W080" p6:index="0" p6:key="" p6:name="ID-uppgifter, fysiker">
            <p6:term p6:id="W08001">9991127333</p6:term>
            <p6:term p6:id="W08002">9911273333</p6:term>
            <p6:term p6:id="W08003">Kjell-'Åke' Lennart Svensson</p6:term>
            <p6:term p6:id="W08004">Malmplan 6</p6:term>
            <p6:term p6:id="W08005">69791</p6:term>
            <p6:term p6:id="W08006">Sköllersta</p6:term>
            <p6:term p6:id="W08018">N</p6:term>
            <p6:term p6:id="W08020">11</p6:term>
            <p6:term p6:id="W08021">201803</p6:term>
            <p6:term p6:id="W08022">J</p6:term>
            <p6:term p6:id="W08023">J</p6:term>
            <p6:term p6:id="W08024">J</p6:term>
            <p6:term p6:id="W08027" />
            <p6:term p6:id="W08028">Förlorad id-handling</p6:term>
            <p6:term p6:id="W08029">J</p6:term>
            <p6:term p6:id="W08030">1</p6:term>
            <p6:term p6:id="W08043">Ogift</p6:term>
            <p6:term p6:id="W08009">18</p6:term>
            <p6:term p6:id="W08012">Örebro</p6:term>
            <p6:term p6:id="W08010">82</p6:term>
            <p6:term p6:id="W08013">Askersund</p6:term>
            <p6:term p6:id="W08011">01</p6:term>
            <p6:term p6:id="W08014">Askersund</p6:term>
            <p6:term p6:id="W08036">2017-11-01</p6:term>
            <p6:term p6:id="W08037">08</p6:term>
            <p6:term p6:id="W08040">Kalmar</p6:term>
            <p6:term p6:id="W08038">85</p6:term>
            <p6:term p6:id="W08041">Borgholm</p6:term>
            <p6:term p6:id="W08039">01</p6:term>
            <p6:term p6:id="W08042">Borgholm</p6:term>
            <p6:term p6:id="W08035">Svensson, Kjell-Åke Lennart</p6:term>
            <p6:term p6:id="W08070">Svensson, Kjell-Åke Lennart</p6:term>
            <p6:term p6:id="W08071">Malmplan 6</p6:term>
            <p6:term p6:id="W08072">Sköllersta</p6:term>
            <p6:term p6:id="W08083">Kjell-Åke Lennart</p6:term>
            <p6:term p6:id="W08084">Svensson</p6:term>
            <p6:term p6:id="W08085">Åke</p6:term>
          </p6:group>
          <p6:group p6:id="W121" p6:index="0" p6:key="" p6:name="Obstexter">
            <p6:term p6:id="W12101">Obs att ID-handling förkommit 2018-03. Kontrollera identiteten extra noga.</p6:term>
          </p6:group>
          <p6:group p6:id="W121" p6:index="1" p6:key="" p6:name="Obstexter">
            <p6:term p6:id="W12101">Obs att pass förkommit 2018-03. Kontrollera identiteten extra noga.</p6:term>
          </p6:group>
          <p6:group p6:id="W121" p6:index="2" p6:key="" p6:name="Obstexter">
            <p6:term p6:id="W12101">Obs att körkort förkommit 2018-03. Kontrollera identiteten extra noga.</p6:term>
          </p6:group>
          <p6:group p6:id="W122" p6:index="3" p6:key="" p6:name="Obstexter">
            <p6:term p6:id="W12201">Obs att ID-handling förkommit 2018-03. Kontrollera identiteten extra noga.</p6:term>
          </p6:group>
          <p6:group p6:id="W122" p6:index="4" p6:key="" p6:name="Obstexter">
            <p6:term p6:id="W12201">Obs att pass förkommit 2018-03. Kontrollera identiteten extra noga.</p6:term>
          </p6:group>
          <p6:group p6:id="W122" p6:index="5" p6:key="" p6:name="Obstexter">
            <p6:term p6:id="W12201">Obs att körkort förkommit 2018-03. Kontrollera identiteten extra noga.</p6:term>
          </p6:group>
          <p6:group p6:id="W150" p6:index="0" p6:key="" p6:name="Händelser">
            <p6:term p6:id="W15004">201803</p6:term>
            <p6:term p6:id="W15006">Förlorad ID-handling</p6:term>
            <p6:term p6:id="W15007">20180301</p6:term>
          </p6:group>
          <p6:group p6:id="W491" p6:index="0" p6:key="2017" p6:name="Inkomstuppgifter">
            <p6:term p6:id="W49101">2017</p6:term>
            <p6:term p6:id="W49117">7</p6:term>
            <p6:term p6:id="W49118">1</p6:term>
            <p6:term p6:id="W49122">7</p6:term>
            <p6:term p6:id="W49141">&lt;1</p6:term>
            <p6:term p6:id="W49191">&lt;1</p6:term>
            <p6:term p6:id="W49192">9</p6:term>
          </p6:group>
          <p6:group p6:id="W491" p6:index="1" p6:key="2016" p6:name="Inkomstuppgifter">
            <p6:term p6:id="W49101">2016</p6:term>
            <p6:term p6:id="W49117">0</p6:term>
            <p6:term p6:id="W49118">&lt;1</p6:term>
            <p6:term p6:id="W49122">0</p6:term>
            <p6:term p6:id="W49141">0</p6:term>
            <p6:term p6:id="W49192">&lt;1</p6:term>
          </p6:group>
          <p6:group p6:id="W495" p6:index="0" p6:key="2017" p6:name="Inkomstuppgifter">
            <p6:term p6:id="W49501">2017</p6:term>
            <p6:term p6:id="W49517">7300</p6:term>
            <p6:term p6:id="W49518">1400</p6:term>
            <p6:term p6:id="W49522">7200</p6:term>
            <p6:term p6:id="W49541">400</p6:term>
            <p6:term p6:id="W49591">400</p6:term>
            <p6:term p6:id="W49592">8600</p6:term>
          </p6:group>
          <p6:group p6:id="W495" p6:index="1" p6:key="2016" p6:name="Inkomstuppgifter">
            <p6:term p6:id="W49501">2016</p6:term>
            <p6:term p6:id="W49517">0</p6:term>
            <p6:term p6:id="W49518">100</p6:term>
            <p6:term p6:id="W49522">0</p6:term>
            <p6:term p6:id="W49541">0</p6:term>
            <p6:term p6:id="W49592">100</p6:term>
          </p6:group>
          <p6:group p6:id="W640" p6:index="0" p6:key="100304" p6:name="Frågor">
            <p6:term p6:id="W64001">49</p6:term>
            <p6:term p6:id="W64016">3</p6:term>
            <p6:term p6:id="W64020">49</p6:term>
          </p6:group>
          <p6:group p6:id="W640" p6:index="1" p6:key="181029" p6:name="Frågor">
            <p6:term p6:id="W64002">20181029</p6:term>
            <p6:term p6:id="W64004">Komplett Bank Asa</p6:term>
            <p6:term p6:id="W64005">0</p6:term>
            <p6:term p6:id="W64007">Q</p6:term>
            <p6:term p6:id="W64011">1</p6:term>
          </p6:group>
          <p6:group p6:id="W640" p6:index="2" p6:key="181029" p6:name="Frågor">
            <p6:term p6:id="W64002">20181029</p6:term>
            <p6:term p6:id="W64004">Bostadskreditinstitutet Alma AB (Publ)</p6:term>
            <p6:term p6:id="W64005">0</p6:term>
            <p6:term p6:id="W64007">A</p6:term>
            <p6:term p6:id="W64011">1</p6:term>
          </p6:group>
          <p6:group p6:id="W640" p6:index="3" p6:key="181029" p6:name="Frågor">
            <p6:term p6:id="W64002">20181029</p6:term>
            <p6:term p6:id="W64003">50000</p6:term>
            <p6:term p6:id="W64004">Qliro AB</p6:term>
            <p6:term p6:id="W64005">0</p6:term>
            <p6:term p6:id="W64007">Z</p6:term>
            <p6:term p6:id="W64011">1</p6:term>
          </p6:group>
          <p6:group p6:id="W640" p6:index="4" p6:key="181024" p6:name="Frågor">
            <p6:term p6:id="W64002">20181024</p6:term>
            <p6:term p6:id="W64004">Komplett Bank Asa</p6:term>
            <p6:term p6:id="W64005">0</p6:term>
            <p6:term p6:id="W64007">Q</p6:term>
            <p6:term p6:id="W64011">1</p6:term>
          </p6:group>
          <p6:group p6:id="W640" p6:index="5" p6:key="181022" p6:name="Frågor">
            <p6:term p6:id="W64002">20181022</p6:term>
            <p6:term p6:id="W64004">Bostadskreditinstitutet Alma AB (Publ)</p6:term>
            <p6:term p6:id="W64005">0</p6:term>
            <p6:term p6:id="W64007">A</p6:term>
            <p6:term p6:id="W64011">1</p6:term>
          </p6:group>
          <p6:group p6:id="W640" p6:index="6" p6:key="181017" p6:name="Frågor">
            <p6:term p6:id="W64002">20181017</p6:term>
            <p6:term p6:id="W64004">Komplett Bank Asa</p6:term>
            <p6:term p6:id="W64005">0</p6:term>
            <p6:term p6:id="W64007">Q</p6:term>
            <p6:term p6:id="W64011">1</p6:term>
          </p6:group>
          <p6:group p6:id="W640" p6:index="7" p6:key="181012" p6:name="Frågor">
            <p6:term p6:id="W64002">20181012</p6:term>
            <p6:term p6:id="W64004">Komplett Bank Asa</p6:term>
            <p6:term p6:id="W64005">0</p6:term>
            <p6:term p6:id="W64007">Q</p6:term>
            <p6:term p6:id="W64011">1</p6:term>
          </p6:group>
          <p6:group p6:id="W640" p6:index="8" p6:key="181001" p6:name="Frågor">
            <p6:term p6:id="W64002">20181001</p6:term>
            <p6:term p6:id="W64004">Komplett Bank Asa</p6:term>
            <p6:term p6:id="W64005">0</p6:term>
            <p6:term p6:id="W64007">Q</p6:term>
            <p6:term p6:id="W64011">1</p6:term>
          </p6:group>
          <p6:group p6:id="W640" p6:index="9" p6:key="180927" p6:name="Frågor">
            <p6:term p6:id="W64002">20180927</p6:term>
            <p6:term p6:id="W64004">Nordea Bank AB</p6:term>
            <p6:term p6:id="W64005">0</p6:term>
            <p6:term p6:id="W64011">1</p6:term>
          </p6:group>
          <p6:group p6:id="W640" p6:index="10" p6:key="180919" p6:name="Frågor">
            <p6:term p6:id="W64002">20180919</p6:term>
            <p6:term p6:id="W64005">1</p6:term>
            <p6:term p6:id="W64007">G</p6:term>
          </p6:group>
          <p6:group p6:id="W640" p6:index="11" p6:key="180912" p6:name="Frågor">
            <p6:term p6:id="W64002">20180912</p6:term>
            <p6:term p6:id="W64004">Komplett Bank Asa</p6:term>
            <p6:term p6:id="W64005">0</p6:term>
            <p6:term p6:id="W64007">Q</p6:term>
            <p6:term p6:id="W64011">1</p6:term>
          </p6:group>
          <p6:group p6:id="W640" p6:index="12" p6:key="180905" p6:name="Frågor">
            <p6:term p6:id="W64002">20180905</p6:term>
            <p6:term p6:id="W64004">Komplett Bank Asa</p6:term>
            <p6:term p6:id="W64005">0</p6:term>
            <p6:term p6:id="W64007">Q</p6:term>
            <p6:term p6:id="W64011">1</p6:term>
          </p6:group>
          <p6:group p6:id="W640" p6:index="13" p6:key="180905" p6:name="Frågor">
            <p6:term p6:id="W64002">20180905</p6:term>
            <p6:term p6:id="W64005">1</p6:term>
            <p6:term p6:id="W64007">Z</p6:term>
          </p6:group>
          <p6:group p6:id="W640" p6:index="14" p6:key="180831" p6:name="Frågor">
            <p6:term p6:id="W64002">20180831</p6:term>
            <p6:term p6:id="W64004">Komplett Bank Asa</p6:term>
            <p6:term p6:id="W64005">0</p6:term>
            <p6:term p6:id="W64007">Q</p6:term>
            <p6:term p6:id="W64011">1</p6:term>
          </p6:group>
          <p6:group p6:id="W640" p6:index="15" p6:key="180823" p6:name="Frågor">
            <p6:term p6:id="W64002">20180823</p6:term>
            <p6:term p6:id="W64004">Sparbanken Finn/93008</p6:term>
            <p6:term p6:id="W64005">0</p6:term>
            <p6:term p6:id="W64007">A</p6:term>
            <p6:term p6:id="W64011">1</p6:term>
          </p6:group>
          <p6:group p6:id="W640" p6:index="16" p6:key="180823" p6:name="Frågor">
            <p6:term p6:id="W64002">20180823</p6:term>
            <p6:term p6:id="W64004">Komplett Bank Asa</p6:term>
            <p6:term p6:id="W64005">0</p6:term>
            <p6:term p6:id="W64007">Q</p6:term>
            <p6:term p6:id="W64011">1</p6:term>
          </p6:group>
          <p6:group p6:id="W640" p6:index="17" p6:key="180816" p6:name="Frågor">
            <p6:term p6:id="W64002">20180816</p6:term>
            <p6:term p6:id="W64004">Komplett Bank Asa</p6:term>
            <p6:term p6:id="W64005">0</p6:term>
            <p6:term p6:id="W64007">Q</p6:term>
            <p6:term p6:id="W64011">1</p6:term>
          </p6:group>
          <p6:group p6:id="W640" p6:index="18" p6:key="180816" p6:name="Frågor">
            <p6:term p6:id="W64002">20180816</p6:term>
            <p6:term p6:id="W64004">UC AB/Beslutslösningar</p6:term>
            <p6:term p6:id="W64005">0</p6:term>
            <p6:term p6:id="W64007">Z</p6:term>
            <p6:term p6:id="W64011">1</p6:term>
          </p6:group>
          <p6:group p6:id="W640" p6:index="19" p6:key="180815" p6:name="Frågor">
            <p6:term p6:id="W64002">20180815</p6:term>
            <p6:term p6:id="W64003">100000</p6:term>
            <p6:term p6:id="W64004">Qliro AB</p6:term>
            <p6:term p6:id="W64005">0</p6:term>
            <p6:term p6:id="W64007">Z</p6:term>
            <p6:term p6:id="W64011">1</p6:term>
          </p6:group>
          <p6:group p6:id="W640" p6:index="20" p6:key="180806" p6:name="Frågor">
            <p6:term p6:id="W64002">20180806</p6:term>
            <p6:term p6:id="W64004">Komplett Bank Asa</p6:term>
            <p6:term p6:id="W64005">0</p6:term>
            <p6:term p6:id="W64007">Q</p6:term>
            <p6:term p6:id="W64011">1</p6:term>
          </p6:group>
          <p6:group p6:id="W640" p6:index="21" p6:key="180803" p6:name="Frågor">
            <p6:term p6:id="W64002">20180803</p6:term>
            <p6:term p6:id="W64004">UC AB/Beslutslösningar</p6:term>
            <p6:term p6:id="W64005">0</p6:term>
            <p6:term p6:id="W64007">Z</p6:term>
            <p6:term p6:id="W64011">1</p6:term>
          </p6:group>
          <p6:group p6:id="W640" p6:index="22" p6:key="180717" p6:name="Frågor">
            <p6:term p6:id="W64002">20180717</p6:term>
            <p6:term p6:id="W64005">0</p6:term>
            <p6:term p6:id="W64007">Z</p6:term>
          </p6:group>
          <p6:group p6:id="W640" p6:index="23" p6:key="180712" p6:name="Frågor">
            <p6:term p6:id="W64002">20180712</p6:term>
            <p6:term p6:id="W64004">Komplett Bank Asa</p6:term>
            <p6:term p6:id="W64005">0</p6:term>
            <p6:term p6:id="W64007">Q</p6:term>
            <p6:term p6:id="W64011">1</p6:term>
          </p6:group>
          <p6:group p6:id="W640" p6:index="24" p6:key="180710" p6:name="Frågor">
            <p6:term p6:id="W64002">20180710</p6:term>
            <p6:term p6:id="W64005">1</p6:term>
            <p6:term p6:id="W64007">I</p6:term>
          </p6:group>
          <p6:group p6:id="W640" p6:index="25" p6:key="180629" p6:name="Frågor">
            <p6:term p6:id="W64002">20180629</p6:term>
            <p6:term p6:id="W64004">Komplett Bank Asa</p6:term>
            <p6:term p6:id="W64005">0</p6:term>
            <p6:term p6:id="W64007">Q</p6:term>
            <p6:term p6:id="W64011">1</p6:term>
          </p6:group>
          <p6:group p6:id="W640" p6:index="26" p6:key="180612" p6:name="Frågor">
            <p6:term p6:id="W64002">20180612</p6:term>
            <p6:term p6:id="W64004">Komplett Bank Asa</p6:term>
            <p6:term p6:id="W64005">0</p6:term>
            <p6:term p6:id="W64007">Q</p6:term>
            <p6:term p6:id="W64011">1</p6:term>
          </p6:group>
          <p6:group p6:id="W640" p6:index="27" p6:key="180611" p6:name="Frågor">
            <p6:term p6:id="W64002">20180611</p6:term>
            <p6:term p6:id="W64004">Finans 24/7 Sverige AB</p6:term>
            <p6:term p6:id="W64005">0</p6:term>
            <p6:term p6:id="W64007">Z</p6:term>
            <p6:term p6:id="W64011">1</p6:term>
          </p6:group>
          <p6:group p6:id="W640" p6:index="28" p6:key="180608" p6:name="Frågor">
            <p6:term p6:id="W64002">20180608</p6:term>
            <p6:term p6:id="W64004">UC AB/ Kreditbevakningen</p6:term>
            <p6:term p6:id="W64005">0</p6:term>
            <p6:term p6:id="W64007">I</p6:term>
            <p6:term p6:id="W64011">1</p6:term>
          </p6:group>
          <p6:group p6:id="W640" p6:index="29" p6:key="180606" p6:name="Frågor">
            <p6:term p6:id="W64002">20180606</p6:term>
            <p6:term p6:id="W64004">Komplett Bank Asa</p6:term>
            <p6:term p6:id="W64005">0</p6:term>
            <p6:term p6:id="W64007">Q</p6:term>
            <p6:term p6:id="W64011">1</p6:term>
          </p6:group>
          <p6:group p6:id="W640" p6:index="30" p6:key="180523" p6:name="Frågor">
            <p6:term p6:id="W64002">20180523</p6:term>
            <p6:term p6:id="W64004">Komplett Bank Asa</p6:term>
            <p6:term p6:id="W64005">0</p6:term>
            <p6:term p6:id="W64007">Q</p6:term>
            <p6:term p6:id="W64011">1</p6:term>
          </p6:group>
          <p6:group p6:id="W640" p6:index="31" p6:key="180521" p6:name="Frågor">
            <p6:term p6:id="W64002">20180521</p6:term>
            <p6:term p6:id="W64004">UC AB/Kit Produktspecialister</p6:term>
            <p6:term p6:id="W64005">0</p6:term>
            <p6:term p6:id="W64007">G</p6:term>
            <p6:term p6:id="W64011">1</p6:term>
          </p6:group>
          <p6:group p6:id="W640" p6:index="32" p6:key="180508" p6:name="Frågor">
            <p6:term p6:id="W64002">20180508</p6:term>
            <p6:term p6:id="W64004">Komplett Bank Asa</p6:term>
            <p6:term p6:id="W64005">0</p6:term>
            <p6:term p6:id="W64007">Q</p6:term>
            <p6:term p6:id="W64011">1</p6:term>
          </p6:group>
          <p6:group p6:id="W640" p6:index="33" p6:key="180424" p6:name="Frågor">
            <p6:term p6:id="W64002">20180424</p6:term>
            <p6:term p6:id="W64004">Komplett Bank Asa</p6:term>
            <p6:term p6:id="W64005">0</p6:term>
            <p6:term p6:id="W64007">Q</p6:term>
            <p6:term p6:id="W64011">1</p6:term>
          </p6:group>
          <p6:group p6:id="W640" p6:index="34" p6:key="180417" p6:name="Frågor">
            <p6:term p6:id="W64002">20180417</p6:term>
            <p6:term p6:id="W64004">Komplett Bank Asa</p6:term>
            <p6:term p6:id="W64005">0</p6:term>
            <p6:term p6:id="W64007">Q</p6:term>
            <p6:term p6:id="W64011">1</p6:term>
          </p6:group>
          <p6:group p6:id="W640" p6:index="35" p6:key="180416" p6:name="Frågor">
            <p6:term p6:id="W64002">20180416</p6:term>
            <p6:term p6:id="W64004">Skandiabanken</p6:term>
            <p6:term p6:id="W64005">0</p6:term>
            <p6:term p6:id="W64007">A</p6:term>
            <p6:term p6:id="W64011">1</p6:term>
          </p6:group>
          <p6:group p6:id="W640" p6:index="36" p6:key="180314" p6:name="Frågor">
            <p6:term p6:id="W64002">20180314</p6:term>
            <p6:term p6:id="W64004">Opr-Finance AB</p6:term>
            <p6:term p6:id="W64005">0</p6:term>
            <p6:term p6:id="W64007">C</p6:term>
            <p6:term p6:id="W64011">1</p6:term>
          </p6:group>
          <p6:group p6:id="W640" p6:index="37" p6:key="180312" p6:name="Frågor">
            <p6:term p6:id="W64002">20180312</p6:term>
            <p6:term p6:id="W64004">Konsumentkredit i Sverige AB</p6:term>
            <p6:term p6:id="W64005">0</p6:term>
            <p6:term p6:id="W64007">Z</p6:term>
            <p6:term p6:id="W64011">1</p6:term>
          </p6:group>
          <p6:group p6:id="W640" p6:index="38" p6:key="180307" p6:name="Frågor">
            <p6:term p6:id="W64002">20180307</p6:term>
            <p6:term p6:id="W64004">Konsumentkredit i Sverige AB</p6:term>
            <p6:term p6:id="W64005">0</p6:term>
            <p6:term p6:id="W64007">Z</p6:term>
            <p6:term p6:id="W64011">1</p6:term>
          </p6:group>
          <p6:group p6:id="W640" p6:index="39" p6:key="180305" p6:name="Frågor">
            <p6:term p6:id="W64002">20180305</p6:term>
            <p6:term p6:id="W64004">Opr-Finance AB</p6:term>
            <p6:term p6:id="W64005">0</p6:term>
            <p6:term p6:id="W64007">C</p6:term>
            <p6:term p6:id="W64011">1</p6:term>
          </p6:group>
          <p6:group p6:id="W640" p6:index="40" p6:key="180227" p6:name="Frågor">
            <p6:term p6:id="W64002">20180227</p6:term>
            <p6:term p6:id="W64004">UC AB/Beslutslösningar</p6:term>
            <p6:term p6:id="W64005">0</p6:term>
            <p6:term p6:id="W64007">Z</p6:term>
            <p6:term p6:id="W64011">1</p6:term>
          </p6:group>
          <p6:group p6:id="W640" p6:index="41" p6:key="180226" p6:name="Frågor">
            <p6:term p6:id="W64002">20180226</p6:term>
            <p6:term p6:id="W64004">Ikano Banken</p6:term>
            <p6:term p6:id="W64005">0</p6:term>
            <p6:term p6:id="W64007">A</p6:term>
            <p6:term p6:id="W64011">1</p6:term>
          </p6:group>
          <p6:group p6:id="W640" p6:index="42" p6:key="180213" p6:name="Frågor">
            <p6:term p6:id="W64002">20180213</p6:term>
            <p6:term p6:id="W64004">UC AB/Kit Produktspecialister</p6:term>
            <p6:term p6:id="W64005">0</p6:term>
            <p6:term p6:id="W64007">G</p6:term>
            <p6:term p6:id="W64011">1</p6:term>
          </p6:group>
          <p6:group p6:id="W640" p6:index="43" p6:key="180129" p6:name="Frågor">
            <p6:term p6:id="W64002">20180129</p6:term>
            <p6:term p6:id="W64004">UC AB/Kit Produktspecialister</p6:term>
            <p6:term p6:id="W64005">0</p6:term>
            <p6:term p6:id="W64007">G</p6:term>
            <p6:term p6:id="W64011">1</p6:term>
          </p6:group>
          <p6:group p6:id="W640" p6:index="44" p6:key="180118" p6:name="Frågor">
            <p6:term p6:id="W64002">20180118</p6:term>
            <p6:term p6:id="W64004">Tf Bank AB/Tvns Scandinavia AB</p6:term>
            <p6:term p6:id="W64005">0</p6:term>
            <p6:term p6:id="W64007">C</p6:term>
            <p6:term p6:id="W64011">1</p6:term>
          </p6:group>
          <p6:group p6:id="W640" p6:index="45" p6:key="180118" p6:name="Frågor">
            <p6:term p6:id="W64002">20180118</p6:term>
            <p6:term p6:id="W64004">Tf Bank AB</p6:term>
            <p6:term p6:id="W64005">0</p6:term>
            <p6:term p6:id="W64007">C</p6:term>
            <p6:term p6:id="W64011">1</p6:term>
          </p6:group>
          <p6:group p6:id="W640" p6:index="46" p6:key="180111" p6:name="Frågor">
            <p6:term p6:id="W64002">20180111</p6:term>
            <p6:term p6:id="W64004">Konsumentkredit i Sverige AB</p6:term>
            <p6:term p6:id="W64005">0</p6:term>
            <p6:term p6:id="W64007">Z</p6:term>
            <p6:term p6:id="W64011">1</p6:term>
          </p6:group>
          <p6:group p6:id="W640" p6:index="47" p6:key="171222" p6:name="Frågor">
            <p6:term p6:id="W64002">20171222</p6:term>
            <p6:term p6:id="W64004">UC AB/Kit Produktspecialister</p6:term>
            <p6:term p6:id="W64005">0</p6:term>
            <p6:term p6:id="W64007">G</p6:term>
            <p6:term p6:id="W64011">1</p6:term>
          </p6:group>
          <p6:group p6:id="W640" p6:index="48" p6:key="171219" p6:name="Frågor">
            <p6:term p6:id="W64002">20171219</p6:term>
            <p6:term p6:id="W64004">Konsumentkredit i Sverige AB</p6:term>
            <p6:term p6:id="W64005">0</p6:term>
            <p6:term p6:id="W64007">Z</p6:term>
            <p6:term p6:id="W64011">1</p6:term>
          </p6:group>
          <p6:group p6:id="W640" p6:index="49" p6:key="171219" p6:name="Frågor">
            <p6:term p6:id="W64002">20171219</p6:term>
            <p6:term p6:id="W64005">0</p6:term>
            <p6:term p6:id="W64007">Z</p6:term>
          </p6:group>
          <p6:group p6:id="W131" p6:index="0" p6:key="" p6:name="Mallbeslut">
            <p6:term p6:id="W13105">J</p6:term>
            <p6:term p6:id="W13111">99,4 %</p6:term>
            <p6:term p6:id="W13130">J</p6:term>
            <p6:term p6:id="W13131">N</p6:term>
            <p6:term p6:id="W13132">Riskprognos</p6:term>
            <p6:term p6:id="W13136">R</p6:term>
            <p6:term p6:id="W13139">09940</p6:term>
            <p6:term p6:id="W13147">99,39 %</p6:term>
            <p6:term p6:id="W13149">Ja enl mall  ABL</p6:term>
          </p6:group>
          <p6:group p6:id="W132" p6:index="0" p6:key="" p6:name="Orsakstexter">
            <p6:term p6:id="W13202">Prövad kredit bör beviljas</p6:term>
          </p6:group>
          <p6:group p6:id="W133" p6:index="0" p6:key="" p6:name="Mallinformation">
            <p6:term p6:id="W13301">ABL</p6:term>
            <p6:term p6:id="W13302">BKI ALMA AB</p6:term>
            <p6:term p6:id="W13309">J</p6:term>
            <p6:term p6:id="W13350">N</p6:term>
            <p6:term p6:id="W13351">ABL</p6:term>
            <p6:term p6:id="W13352">2</p6:term>
          </p6:group>
          <p6:group p6:id="W990" p6:index="0" p6:key="" p6:name=" ">
            <p6:term p6:id="W99004">3</p6:term>
          </p6:group>
          <p6:group p6:id="W980" p6:index="0" p6:key="" p6:name="Diverseuppgifter">
            <p6:term p6:id="W98001">sammanfattning</p6:term>
            <p6:term p6:id="W98002">handelser</p6:term>
            <p6:term p6:id="W98003">kreditomdome</p6:term>
            <p6:term p6:id="W98004">allmant</p6:term>
            <p6:term p6:id="W98005">inkomst</p6:term>
            <p6:term p6:id="W98006">anm</p6:term>
            <p6:term p6:id="W98007">fragor</p6:term>
            <p6:term p6:id="W98008">bilagor</p6:term>
            <p6:term p6:id="W98021">F01</p6:term>
            <p6:term p6:id="W98023">4</p6:term>
            <p6:term p6:id="W98024">0</p6:term>
            <p6:term p6:id="W98029">0</p6:term>
            <p6:term p6:id="W98036">0</p6:term>
            <p6:term p6:id="W98038">J</p6:term>
            <p6:term p6:id="W98040">Webservices 6</p6:term>
            <p6:term p6:id="W98041">Bostadskreditinstitutet Alma AB (Publ)</p6:term>
            <p6:term p6:id="W98042">20181030</p6:term>
            <p6:term p6:id="W98051">3</p6:term>
            <p6:term p6:id="W98052">1</p6:term>
            <p6:term p6:id="W98054">N</p6:term>
          </p6:group>
          <p6:group p6:id="W981" p6:index="0" p6:key="" p6:name="Aktuella bildval">
            <p6:term p6:id="W98101">H02</p6:term>
            <p6:term p6:id="W98102">Sammanfattning</p6:term>
            <p6:term p6:id="W98103">sammanfattning</p6:term>
            <p6:term p6:id="W98104">#H02</p6:term>
          </p6:group>
          <p6:group p6:id="W981" p6:index="1" p6:key="" p6:name="Aktuella bildval">
            <p6:term p6:id="W98101">H04</p6:term>
            <p6:term p6:id="W98102">Senast registrerade händelser</p6:term>
            <p6:term p6:id="W98103">handelser</p6:term>
            <p6:term p6:id="W98104">#H04</p6:term>
          </p6:group>
          <p6:group p6:id="W981" p6:index="2" p6:key="" p6:name="Aktuella bildval">
            <p6:term p6:id="W98101">H06</p6:term>
            <p6:term p6:id="W98102">Kreditomdöme</p6:term>
            <p6:term p6:id="W98103">kreditomdome</p6:term>
            <p6:term p6:id="W98104">#H06</p6:term>
          </p6:group>
          <p6:group p6:id="W981" p6:index="3" p6:key="" p6:name="Aktuella bildval">
            <p6:term p6:id="W98101">H08</p6:term>
            <p6:term p6:id="W98102">Allmänna uppgifter</p6:term>
            <p6:term p6:id="W98103">allmant</p6:term>
            <p6:term p6:id="W98104">#H08</p6:term>
          </p6:group>
          <p6:group p6:id="W981" p6:index="4" p6:key="" p6:name="Aktuella bildval">
            <p6:term p6:id="W98101">H12</p6:term>
            <p6:term p6:id="W98102">Inkomstuppgifter</p6:term>
            <p6:term p6:id="W98103">inkomst</p6:term>
            <p6:term p6:id="W98104">#H12</p6:term>
          </p6:group>
          <p6:group p6:id="W981" p6:index="5" p6:key="" p6:name="Aktuella bildval">
            <p6:term p6:id="W98101">H22</p6:term>
            <p6:term p6:id="W98102">Betalningsanmärkningar och andra anmärkningar</p6:term>
            <p6:term p6:id="W98103">anm</p6:term>
            <p6:term p6:id="W98104">#H22</p6:term>
          </p6:group>
          <p6:group p6:id="W981" p6:index="6" p6:key="" p6:name="Aktuella bildval">
            <p6:term p6:id="W98101">H24</p6:term>
            <p6:term p6:id="W98102">Senaste frågor hos UC</p6:term>
            <p6:term p6:id="W98103">fragor</p6:term>
            <p6:term p6:id="W98104">#H24</p6:term>
          </p6:group>
          <p6:group p6:id="W981" p6:index="7" p6:key="" p6:name="Aktuella bildval">
            <p6:term p6:id="W98101">H26</p6:term>
            <p6:term p6:id="W98102">Bilaga till</p6:term>
            <p6:term p6:id="W98103">bilagor</p6:term>
            <p6:term p6:id="W98104">#H26</p6:term>
          </p6:group>
          <p6:group p6:id="W981" p6:index="8" p6:key="" p6:name="Aktuella bildval">
            <p6:term p6:id="W98101">H30</p6:term>
            <p6:term p6:id="W98102">UC:s ansvar</p6:term>
            <p6:term p6:id="W98103" />
            <p6:term p6:id="W98104">#H30</p6:term>
          </p6:group>
          <p6:group p6:id="W981" p6:index="9" p6:key="" p6:name="Aktuella bildval">
            <p6:term p6:id="W98101">H42</p6:term>
            <p6:term p6:id="W98102">Senaste frågor</p6:term>
            <p6:term p6:id="W98103" />
            <p6:term p6:id="W98104">#H42</p6:term>
          </p6:group>
        </p6:report>
      </p6:reports>
    </xmlReply>
  </ucReport>
</ucReply>