{
    "MaxAllowedMarginInterestRate": 17.9,
    "MinAllowedMarginInterestRate": 6.0,
    "AlternateProviderInterestRates": {
        "D": {
            "2000": 99.0,
            "5000": 99.0,
            "10000": 99.0,
            "20000": 99.0,
            "30000": 99.0
        },
        "C": {
            "2000": 99.0,
            "5000": 99.0,
            "10000": 99.0,
            "20000": 99.0,
            "30000": 99.0
        },
        "B": {
            "2000": 8.25,
            "5000": 8.25,
            "10000": 8.25,
            "20000": 8.25,
            "30000": 8.25
        },
        "A": {
            "2000": 6.95,
            "5000": 6.95,
            "10000": 6.95,
            "20000": 6.95,
            "30000": 6.95
        }
    },
    "AlternateSelfInterestRates": {
        "D": {
            "2000": 99.0,
            "5000": 99.0,
            "10000": 99.0,
            "20000": 99.0,
            "30000": 99.0
        },
        "C": {
            "2000": 99.0,
            "5000": 99.0,
            "10000": 99.0,
            "20000": 99.0,
            "30000": 99.0
        },
        "B": {
            "2000": 8.25,
            "5000": 8.25,
            "10000": 8.25,
            "20000": 8.25,
            "30000": 8.25
        },
        "A": {
            "2000": 6.95,
            "5000": 6.95,
            "10000": 6.95,
            "20000": 6.95,
            "30000": 6.95
        }
    },
    "StandardProviderInterestRates": {
        "D": {
            "2000": 99.0,
            "5000": 99.0,
            "10000": 99.0,
            "20000": 99.0,
            "30000": 99.0
        },
        "C": {
            "2000": 99.0,
            "5000": 99.0,
            "10000": 99.0,
            "20000": 99.0,
            "30000": 99.0
        },
        "B": {
            "2000": 7.95,
            "5000": 7.95,
            "10000": 7.95,
            "20000": 7.95,
            "30000": 7.95
        },
        "A": {
            "2000": 6.95,
            "5000": 6.95,
            "10000": 6.95,
            "20000": 6.95,
            "30000": 6.95
        }
    },
    "StandardSelfInterestRates": {
        "D": {
            "2000": 99.0,
            "5000": 99.0,
            "10000": 99.0,
            "20000": 99.0,
            "30000": 99.0
        },
        "C": {
            "2000": 99.0,
            "5000": 99.0,
            "10000": 99.0,
            "20000": 99.0,
            "30000": 99.0
        },
        "B": {
            "2000": 7.95,
            "5000": 7.95,
            "10000": 7.95,
            "20000": 7.95,
            "30000": 7.95
        },
        "A": {
            "2000": 6.95,
            "5000": 6.95,
            "10000": 6.95,
            "20000": 6.95,
            "30000": 6.95
        }
    }
}