<IbanToBic>
	<Bank>
		<Name>Aktia Pankki</Name>
		<BIC>HELSFIHH</BIC>
		<Codes>405, 497</Codes>
	</Bank>
	<Bank>
		<Name>POP Pankit (POP)</Name>
		<BIC>POPFFI22</BIC>
		<Codes>470-478</Codes>
	</Bank>
	<Bank>
		<Name>Bonum Pankki</Name>
		<BIC>POPFFI22</BIC>
		<Codes>479</Codes>
	</Bank>
	<Bank>
		<Name>Citibank</Name>
		<BIC>CITIFIHX</BIC>
		<Codes>713</Codes>
	</Bank>
	<Bank>
		<Name>Danske Bank</Name>
		<BIC>DABAFIHH</BIC>
		<Codes>8</Codes>
	</Bank>
	<Bank>
		<Name>Danske Bank</Name>
		<BIC>DABAFIHX</BIC>
		<Codes>34</Codes>
	</Bank>	
	<Bank>
		<Name>DNB Bank ASA, Finland Branch</Name>
		<BIC>DNBAFIHX</BIC>
		<Codes>37</Codes>
	</Bank>	
	<Bank>
		<Name>Handelsbanken</Name>
		<BIC>HANDFIHH</BIC>
		<Codes>31</Codes>
	</Bank>
	<Bank>
		<Name>Holvi</Name>
		<BIC>HOLVFIHH</BIC>
		<Codes>799</Codes>
	</Bank>
	<Bank>
		<Name>Nordea Pankki (Nordea)</Name>
		<BIC>NDEAFIHH</BIC>
		<Codes>1-2</Codes>
	</Bank>
	<Bank>
		<Name>Pohjola Pankki (OP Ryhmän pankkien keskusrahalaitos)</Name>
		<BIC>OKOYFIHH</BIC>
		<Codes>5</Codes>
	</Bank>
	<Bank>
		<Name>Skandinaviska Enskilda Banken (SEB)</Name>
		<BIC>ESSEFIHX</BIC>
		<Codes>33</Codes>
	</Bank>	
	<Bank>
		<Name>S-Pankki</Name>
		<BIC>SBANFIHH</BIC>
		<Codes>39</Codes>
	</Bank>	
	<Bank>
		<Name>S-Pankki</Name>
		<BIC>SBANFIHH</BIC>
		<Codes>36</Codes>
	</Bank>	
	<Bank>
		<Name>Swedbank</Name>
		<BIC>SWEDFIHH</BIC>
		<Codes>38</Codes>
	</Bank>	
	<Bank>
		<Name>Säästöpankkien Keskuspankki, Säästöpankit (Sp) ja Oma Säästöpankki</Name>
		<BIC>ITELFIHH</BIC>
		<Codes>715, 400, 402, 403, 406-408, 410-412,414-421,423-432,435-452,454-464,483-493,495-496</Codes>
	</Bank>
	<Bank>
		<Name>Ålandsbanken (ÅAB)</Name>
		<BIC>AABAFI22</BIC>
		<Codes>6</Codes>
	</Bank>	
</IbanToBic>