﻿<?xml version="1.0" encoding="UTF-8" standalone="yes"?>
<questions xmlns:xsi="http://www.w3.org/2001/XMLSchema-instance">
  <q>
    <qkey>loan_purpose</qkey>
    <qtext lang="sv">Vad ska pengarna användas till?</qtext>
    <qtext lang="fi">Rahojen käyttötarkoitus?</qtext>
    <a>
      <akey>consumption</akey>
      <atext lang="sv">Konsumtion</atext>
      <atext lang="fi">Kulutus</atext>
    </a>
    <a>
      <akey>investment</akey>
      <atext lang="sv">Investering</atext>
      <atext lang="fi">Sijoittaminen</atext>
    </a>
    <a>
      <akey>relative</akey>
      <atext lang="sv">Till närstående</atext>
      <atext lang="fi">Lähimmäisille</atext>
    </a>
    <a>
      <akey>other</akey>
      <atext lang="sv">Annat</atext>
      <atext lang="fi">Muu</atext>
    </a>
  </q>
  <q>
    <qkey>loan_whosmoney</qkey>
    <qtext lang="sv">Vems pengar kommer användas för återbetalning?</qtext>
    <qtext lang="fi">Kenen varoja tullaan käyttämään takaisinmaksussa?</qtext>
    <a>
      <akey>own</akey>
      <atext lang="sv">Egna pengar</atext>
      <atext lang="fi">Omia rahoja</atext>
    </a>
    <a>
      <akey>others</akey>
      <atext lang="sv">Annans pengar</atext>
      <atext lang="fi">Jonkun muun rahoja</atext>
    </a>
    <r>
      <rkey>others</rkey>
      <rtext lang="sv">Om annan, vems?</rtext>
      <rtext lang="fi">Jos jonkun muun, kenen?</rtext>
    </r>
  </q>
  <q>
    <qkey>loan_paymentfrequency</qkey>
    <qtext lang="sv">Hur ofta kommer avbetalningarna göras?</qtext>
    <qtext lang="fi">Kuinka usein lyhennyksiä tehdään?</qtext>
    <a>
      <akey>onschedule</akey>
      <atext lang="sv">Enligt amorteringsplan</atext>
      <atext lang="fi">Lyhennyssuunnitelman mukaisesti</atext>
    </a>
    <a>
      <akey>withextrapayments</akey>
      <atext lang="sv">Med extraamorteringar</atext>
      <atext lang="fi">Ylimääräisiä lyhennyksiä</atext>
    </a>
  </q>
  <q>
    <qkey>customer_pep</qkey>
    <qtext lang="sv">Är du, någon i din familj, eller närstående, en person som har eller har haft någon av följande roller?</qtext>
    <qtext lang="fi">Oletko sinä, tai läheinen perheenjäsenesi, henkilö joka on ollut seuraavassa asemassa?</qtext>
    <a>
      <akey>no</akey>
      <atext lang="sv">Nej, varken jag eller någon i min närhet har eller har haft någon av nedanstående roller.</atext>
      <atext lang="fi">Minä, tai läheinen perheenjäseni, ei ole eikä ole ollut alla mainituissa asemissa.</atext>
    </a>
    <a>
      <akey>governmentofficial</akey>
      <atext lang="sv">Stats- eller regeringschef, minister eller vice/biträdande minister.</atext>
      <atext lang="fi">Valtionpäämies, hallitusten päämies, ministeri tai vara- ja apulaisministeri.</atext>
    </a>
    <a>
      <akey>memberofparliament</akey>
      <atext lang="sv">Parlamentsledamot.</atext>
      <atext lang="fi">Kansanedustaja.</atext>
    </a>
    <a>
      <akey>supremecourtjudge</akey>
      <atext lang="sv">Domare i högsta domstolen, konstitutionell domstol eller liknande befattning.</atext>
      <atext lang="fi">Korkeimman oikeuden, perustuslakituomioistuimien tai vastaavan jäsen.</atext>
    </a>
    <a>
      <akey>economicofficial</akey>
      <atext lang="sv">Högre tjänsteman vid revisionsmyndighet eller ledamot i centralbanks styrande organ.</atext>
      <atext lang="fi">Tilintarkastustuomioistuinten tai keskuspankkien johtokunnan jäsen.</atext>
    </a>
    <a>
      <akey>diplomantordefense</akey>
      <atext lang="sv">Ambassadör, beskickningschef eller hög officer i försvarsmakten.</atext>
      <atext lang="fi">Suurlähettiläs, asiainhoitaja tai puolustusvoimien korkea-arvoinen upseeri.</atext>
    </a>
    <a>
      <akey>stateownedcompany</akey>
      <atext lang="sv">VD eller styrelseledamot i statsägt företag.</atext>
      <atext lang="fi">Valtion omistamien yritysten hallinto-, johto tai valvontaelimen jäsen.</atext>
    </a>
    <a>
      <akey>internationalagency</akey>
      <atext lang="sv">Ledande befattning i mellanstatlig organisation eller medlem i dess högsta ledning.</atext>
      <atext lang="fi">Johtava asema kansainvälisessä järjestössä (esim. YK, NATO) tai se sen johtokunnan jäsen.</atext>
    </a>
    <r>
      <rkey>who</rkey>
      <rtext lang="sv">Vem eller vilka har i så fall haft rollerna?</rtext>
      <rtext lang="fi">Kuka tai ketkä ovat olleet mainitussa asemassa?</rtext>
    </r>
  </q>
  <q>
    <qkey>customer_mainoccupation</qkey>
    <qtext lang="sv">Vilken är din huvudsakliga sysselsättning?</qtext>
    <qtext lang="fi">Mikä on pääasiallinen toimenkuvasi?</qtext>
    <a>
      <akey>manager</akey>
      <atext lang="sv">Chefsjobb</atext>
      <atext lang="fi">Johtaja</atext>
    </a>
    <a>
      <akey>specialist</akey>
      <atext lang="sv">Specialistjobb</atext>
      <atext lang="fi">Erityisasiantuntija</atext>
    </a>	
    <a>
      <akey>expert</akey>
      <atext lang="sv">Expertjobb</atext>
      <atext lang="fi">Asiantuntija</atext>
    </a>
    <a>
      <akey>administration</akey>
      <atext lang="sv">Administrativt arbete och kundtjänst</atext>
      <atext lang="fi">Toimisto- ja asiakaspalvelu</atext>
    </a>	
    <a>
      <akey>sales</akey>
      <atext lang="sv">Service- och säljarbete</atext>
      <atext lang="fi">Palvelu- ja myyntityöntekijät</atext>
    </a>
	<a>
      <akey>agriculture</akey>
      <atext lang="sv">Jord- och skogsbruk etc.</atext>
      <atext lang="fi">Maanviljelijät, metsätyöntekijät ym.</atext>
    </a>
    <a>
      <akey>construction</akey>
      <atext lang="sv">Bygg- och produktionsarbete</atext>
      <atext lang="fi">Rakennus-, korjaus- ja valmistustyöntekijät</atext>
    </a>
  	<a>
      <akey>transport</akey>
      <atext lang="sv">Process- och transport</atext>
      <atext lang="fi">Prosessi- ja kuljetustyöntekijät</atext>
    </a>
    <a>
      <akey>military</akey>
      <atext lang="sv">Militär</atext>
      <atext lang="fi">Sotilaat</atext>
    </a>
    <a>
      <akey>other</akey>
      <atext lang="sv">Andra</atext>
      <atext lang="fi">Muu</atext>
    </a>
  </q>
      <!--q>
    <qkey></qkey>
    <qtext lang="sv"></qtext>
    <qtext lang="fi"></qtext>
    <a>
      <akey></akey>
      <atext lang="sv"></atext>
      <atext lang="fi"></atext>
    </a>
  </q-->
</questions>