{
  "Logging": {
    "LogLevel": {
      "Default": "Information",
      "Microsoft.AspNetCore": "Warning",
      "Microsoft.AspNetCore.HttpLogging.HttpLoggingMiddleware": "Information"
    }
  },
  "AllowedHosts": "*",
  "ConnectionStrings": {
    "CreditContext": "Initial Catalog=SE-Credit-Prod;Server=staging.ctt75ykgxye4.eu-north-1.rds.amazonaws.com;Encrypt=false;User=admin;Password=]p*g37S3!vGOPzhUMaZ7pfpzchxs#&C7",
    "CustomersContext": "Initial Catalog=SE-Customer-Prod;Server=staging.ctt75ykgxye4.eu-north-1.rds.amazonaws.com;Encrypt=false;User=admin;Password=]p*g37S3!vGOPzhUMaZ7pfpzchxs#&C7"
  },
  "ntech.core.systemlog.connectionstringname": "CustomersContext",
  "ntech.host.apilogs.enable": "false",
  "ntech.machinesettingsfile": "C:\\Naktergal\\BroccSe\\StaticResources\\ntech.machinesettings.config"
}