﻿<?xml version="1.0" encoding="utf-8"?>
<ucReply xmlns:xsd="http://www.w3.org/2001/XMLSchema" xmlns:xsi="http://www.w3.org/2001/XMLSchema-instance">
  <status p4:result="ok" xmlns:p4="http://www.uc.se/schemas/ucOrderReply/" xmlns="http://www.uc.se/schemas/ucOrderReply/" />
  <ucReport xmlns="http://www.uc.se/schemas/ucOrderReply/">
    <xmlReply>
      <p6:reports p6:lang="swe" xmlns:p6="http://www.uc.se/schemas/ucOrderReply/">
        <p6:report p6:id="5907245772" p6:name="'Erik' Magnus Arnoldsson" p6:styp="90" p6:index="0">
          <p6:group p6:id="W080" p6:index="0" p6:key="" p6:name="ID-uppgifter, fysiker">
            <p6:term p6:id="W08001">9590724577</p6:term>
            <p6:term p6:id="W08002">5907245772</p6:term>
            <p6:term p6:id="W08003">'Erik' Magnus Arnoldsson</p6:term>
            <p6:term p6:id="W08004">Holavedsplan 29 Lgh 1610</p6:term>
            <p6:term p6:id="W08005">36075</p6:term>
            <p6:term p6:id="W08006">Alstermo</p6:term>
            <p6:term p6:id="W08018">J</p6:term>
            <p6:term p6:id="W08035">Arnoldsson, Erik Magnus</p6:term>
            <p6:term p6:id="W08070">Arnoldsson, Erik Magnus</p6:term>
            <p6:term p6:id="W08071">Holavedsplan 29 Lgh 1610</p6:term>
            <p6:term p6:id="W08072">Alstermo</p6:term>
            <p6:term p6:id="W08083">Erik Magnus</p6:term>
            <p6:term p6:id="W08084">Arnoldsson</p6:term>
            <p6:term p6:id="W08085">Erik</p6:term>
          </p6:group>
          <p6:group p6:id="W131" p6:index="0" p6:key="" p6:name="Mallbeslut">
            <p6:term p6:id="W13105">N</p6:term>
            <p6:term p6:id="W13114">FRVSKSASKAN2</p6:term>
            <p6:term p6:id="W13130">J</p6:term>
            <p6:term p6:id="W13131">N</p6:term>
            <p6:term p6:id="W13136">R</p6:term>
            <p6:term p6:id="W13149">Nej enl mall  AB9</p6:term>
          </p6:group>
          <p6:group p6:id="W132" p6:index="0" p6:key="" p6:name="Orsakstexter">
            <p6:term p6:id="W13202">Kredit bör ej beviljas</p6:term>
          </p6:group>
          <p6:group p6:id="W132" p6:index="1" p6:key="" p6:name="Orsakstexter">
            <p6:term p6:id="W13201">- Sökande har förvaltare utsedd.</p6:term>
          </p6:group>
          <p6:group p6:id="W132" p6:index="2" p6:key="" p6:name="Orsakstexter">
            <p6:term p6:id="W13201">- Sökande har notering om skuldsanering.</p6:term>
          </p6:group>
          <p6:group p6:id="W132" p6:index="3" p6:key="" p6:name="Orsakstexter">
            <p6:term p6:id="W13201">- Sökande har ett aktuellt skuldsaldo hos kronofogden.</p6:term>
          </p6:group>
          <p6:group p6:id="W132" p6:index="4" p6:key="" p6:name="Orsakstexter">
            <p6:term p6:id="W13201">- Sökande har betalningsanmärkning, av typen allmänna och enskilda mål de   senaste 36 månaderna.</p6:term>
          </p6:group>
          <p6:group p6:id="W133" p6:index="0" p6:key="" p6:name="Mallinformation">
            <p6:term p6:id="W13301">AB9</p6:term>
            <p6:term p6:id="W13302">MICROMALL TILL ABL</p6:term>
            <p6:term p6:id="W13309">J</p6:term>
            <p6:term p6:id="W13350">N</p6:term>
            <p6:term p6:id="W13351">ABL</p6:term>
          </p6:group>
          <p6:group p6:id="W615" p6:index="0" p6:key="" p6:name="Anmärkningar, specificerade">
            <p6:term p6:id="W61501">Skuldsanering inledd</p6:term>
            <p6:term p6:id="W61502">201805</p6:term>
            <p6:term p6:id="W61506">46</p6:term>
            <p6:term p6:id="W61507">20180529</p6:term>
          </p6:group>
          <p6:group p6:id="W615" p6:index="1" p6:key="" p6:name="Anmärkningar, specificerade">
            <p6:term p6:id="W61501">Restförd TV-avgift</p6:term>
            <p6:term p6:id="W61502">201711</p6:term>
            <p6:term p6:id="W61503">00000000894</p6:term>
            <p6:term p6:id="W61506">76</p6:term>
            <p6:term p6:id="W61507">20171106</p6:term>
          </p6:group>
          <p6:group p6:id="W615" p6:index="2" p6:key="" p6:name="Anmärkningar, specificerade">
            <p6:term p6:id="W61501">Restförd TV-avgift</p6:term>
            <p6:term p6:id="W61502">201710</p6:term>
            <p6:term p6:id="W61503">00000000894</p6:term>
            <p6:term p6:id="W61506">76</p6:term>
            <p6:term p6:id="W61507">20171002</p6:term>
          </p6:group>
          <p6:group p6:id="W615" p6:index="3" p6:key="" p6:name="Anmärkningar, specificerade">
            <p6:term p6:id="W61501">Betaln förelägg utslag</p6:term>
            <p6:term p6:id="W61502">201612</p6:term>
            <p6:term p6:id="W61503">00000009530</p6:term>
            <p6:term p6:id="W61504">Perberga Bilförsäljning</p6:term>
            <p6:term p6:id="W61505">Perberga Bilförsäljning</p6:term>
            <p6:term p6:id="W61506">29</p6:term>
            <p6:term p6:id="W61507">20161213</p6:term>
          </p6:group>
          <p6:group p6:id="W615" p6:index="4" p6:key="" p6:name="Anmärkningar, specificerade">
            <p6:term p6:id="W61501">Betaln förelägg utslag</p6:term>
            <p6:term p6:id="W61502">201612</p6:term>
            <p6:term p6:id="W61503">00000010965</p6:term>
            <p6:term p6:id="W61504">Klotberga Vårdboende</p6:term>
            <p6:term p6:id="W61505">Klotberga Vårdboende</p6:term>
            <p6:term p6:id="W61506">29</p6:term>
            <p6:term p6:id="W61507">20161213</p6:term>
          </p6:group>
          <p6:group p6:id="W615" p6:index="5" p6:key="" p6:name="Anmärkningar, specificerade">
            <p6:term p6:id="W61501">Utmätn försök-skuld obet</p6:term>
            <p6:term p6:id="W61502">201611</p6:term>
            <p6:term p6:id="W61506">16</p6:term>
            <p6:term p6:id="W61507">20161116</p6:term>
          </p6:group>
          <p6:group p6:id="W615" p6:index="6" p6:key="" p6:name="Anmärkningar, specificerade">
            <p6:term p6:id="W61501">Betaln förelägg utslag</p6:term>
            <p6:term p6:id="W61502">201601</p6:term>
            <p6:term p6:id="W61503">00000039893</p6:term>
            <p6:term p6:id="W61504">Klotberga Vårdboende</p6:term>
            <p6:term p6:id="W61505">Klotberga Vårdboende</p6:term>
            <p6:term p6:id="W61506">29</p6:term>
            <p6:term p6:id="W61507">20160113</p6:term>
          </p6:group>
          <p6:group p6:id="W611" p6:index="0" p6:key="" p6:name="Anmärkningar, summerade">
            <p6:term p6:id="W61109">7</p6:term>
            <p6:term p6:id="W61113">7 st anmärkningar på totalt 62,2 tkr finns registrerade.</p6:term>
            <p6:term p6:id="W61110">62176</p6:term>
            <p6:term p6:id="W61112">0</p6:term>
          </p6:group>
          <p6:group p6:id="W612" p6:index="0" p6:key="" p6:name="Skuldsaldo">
            <p6:term p6:id="W61201">Aktuell skuld rapporterad från KFM per 2018-10-19: 330,1 tkr.</p6:term>
            <p6:term p6:id="W61202">20181019</p6:term>
            <p6:term p6:id="W61203">2988</p6:term>
            <p6:term p6:id="W61204">327147</p6:term>
            <p6:term p6:id="W61205">330135</p6:term>
            <p6:term p6:id="W61207">2</p6:term>
            <p6:term p6:id="W61208">8</p6:term>
            <p6:term p6:id="W61209">10</p6:term>
          </p6:group>
          <p6:group p6:id="W613" p6:index="0" p6:key="" p6:name="Historiskt skuldsaldo">
            <p6:term p6:id="W61301">2018-07</p6:term>
            <p6:term p6:id="W61302">0000002988</p6:term>
            <p6:term p6:id="W61303">0000325490</p6:term>
            <p6:term p6:id="W61304">10</p6:term>
            <p6:term p6:id="W61305">Personen har haft en skuld hos kronofogden under 24 av de senaste 24 månaderna. Den högsta skulden uppgick till 328.478 kr.</p6:term>
          </p6:group>
          <p6:group p6:id="W613" p6:index="1" p6:key="" p6:name="Historiskt skuldsaldo">
            <p6:term p6:id="W61301">2018-06</p6:term>
            <p6:term p6:id="W61302">0000002988</p6:term>
            <p6:term p6:id="W61303">0000323647</p6:term>
            <p6:term p6:id="W61304">10</p6:term>
          </p6:group>
          <p6:group p6:id="W613" p6:index="2" p6:key="" p6:name="Historiskt skuldsaldo">
            <p6:term p6:id="W61301">2018-05</p6:term>
            <p6:term p6:id="W61302">0000002988</p6:term>
            <p6:term p6:id="W61303">0000321573</p6:term>
            <p6:term p6:id="W61304">10</p6:term>
          </p6:group>
          <p6:group p6:id="W613" p6:index="3" p6:key="" p6:name="Historiskt skuldsaldo">
            <p6:term p6:id="W61301">2018-04</p6:term>
            <p6:term p6:id="W61302">0000002988</p6:term>
            <p6:term p6:id="W61303">0000319913</p6:term>
            <p6:term p6:id="W61304">10</p6:term>
          </p6:group>
          <p6:group p6:id="W613" p6:index="4" p6:key="" p6:name="Historiskt skuldsaldo">
            <p6:term p6:id="W61301">2018-03</p6:term>
            <p6:term p6:id="W61302">0000002988</p6:term>
            <p6:term p6:id="W61303">0000318195</p6:term>
            <p6:term p6:id="W61304">10</p6:term>
          </p6:group>
          <p6:group p6:id="W613" p6:index="5" p6:key="" p6:name="Historiskt skuldsaldo">
            <p6:term p6:id="W61301">2018-02</p6:term>
            <p6:term p6:id="W61302">0000002988</p6:term>
            <p6:term p6:id="W61303">0000315583</p6:term>
            <p6:term p6:id="W61304">10</p6:term>
          </p6:group>
          <p6:group p6:id="W613" p6:index="6" p6:key="" p6:name="Historiskt skuldsaldo">
            <p6:term p6:id="W61301">2018-01</p6:term>
            <p6:term p6:id="W61302">0000002988</p6:term>
            <p6:term p6:id="W61303">0000312122</p6:term>
            <p6:term p6:id="W61304">10</p6:term>
          </p6:group>
          <p6:group p6:id="W613" p6:index="7" p6:key="" p6:name="Historiskt skuldsaldo">
            <p6:term p6:id="W61301">2017-12</p6:term>
            <p6:term p6:id="W61302">0000002988</p6:term>
            <p6:term p6:id="W61303">0000310465</p6:term>
            <p6:term p6:id="W61304">10</p6:term>
          </p6:group>
          <p6:group p6:id="W613" p6:index="8" p6:key="" p6:name="Historiskt skuldsaldo">
            <p6:term p6:id="W61301">2017-11</p6:term>
            <p6:term p6:id="W61302">0000002988</p6:term>
            <p6:term p6:id="W61303">0000308391</p6:term>
            <p6:term p6:id="W61304">10</p6:term>
          </p6:group>
          <p6:group p6:id="W613" p6:index="9" p6:key="" p6:name="Historiskt skuldsaldo">
            <p6:term p6:id="W61301">2017-10</p6:term>
            <p6:term p6:id="W61302">0000001494</p6:term>
            <p6:term p6:id="W61303">0000305529</p6:term>
            <p6:term p6:id="W61304">8</p6:term>
          </p6:group>
          <p6:group p6:id="W613" p6:index="10" p6:key="" p6:name="Historiskt skuldsaldo">
            <p6:term p6:id="W61301">2017-09</p6:term>
            <p6:term p6:id="W61302">0</p6:term>
            <p6:term p6:id="W61303">0000303272</p6:term>
            <p6:term p6:id="W61304">7</p6:term>
          </p6:group>
          <p6:group p6:id="W613" p6:index="11" p6:key="" p6:name="Historiskt skuldsaldo">
            <p6:term p6:id="W61301">2017-08</p6:term>
            <p6:term p6:id="W61302">0</p6:term>
            <p6:term p6:id="W61303">0000301199</p6:term>
            <p6:term p6:id="W61304">7</p6:term>
          </p6:group>
          <p6:group p6:id="W613" p6:index="12" p6:key="" p6:name="Historiskt skuldsaldo">
            <p6:term p6:id="W61301">2017-07</p6:term>
            <p6:term p6:id="W61302">0</p6:term>
            <p6:term p6:id="W61303">0000304379</p6:term>
            <p6:term p6:id="W61304">7</p6:term>
          </p6:group>
          <p6:group p6:id="W613" p6:index="13" p6:key="" p6:name="Historiskt skuldsaldo">
            <p6:term p6:id="W61301">2017-06</p6:term>
            <p6:term p6:id="W61302">0</p6:term>
            <p6:term p6:id="W61303">0000303536</p6:term>
            <p6:term p6:id="W61304">8</p6:term>
          </p6:group>
          <p6:group p6:id="W613" p6:index="14" p6:key="" p6:name="Historiskt skuldsaldo">
            <p6:term p6:id="W61301">2017-05</p6:term>
            <p6:term p6:id="W61302">0000001400</p6:term>
            <p6:term p6:id="W61303">0000315564</p6:term>
            <p6:term p6:id="W61304">10</p6:term>
          </p6:group>
          <p6:group p6:id="W613" p6:index="15" p6:key="" p6:name="Historiskt skuldsaldo">
            <p6:term p6:id="W61301">2017-04</p6:term>
            <p6:term p6:id="W61302">0000001400</p6:term>
            <p6:term p6:id="W61303">0000314709</p6:term>
            <p6:term p6:id="W61304">10</p6:term>
          </p6:group>
          <p6:group p6:id="W613" p6:index="16" p6:key="" p6:name="Historiskt skuldsaldo">
            <p6:term p6:id="W61301">2017-03</p6:term>
            <p6:term p6:id="W61302">0</p6:term>
            <p6:term p6:id="W61303">0000312999</p6:term>
            <p6:term p6:id="W61304">9</p6:term>
          </p6:group>
          <p6:group p6:id="W613" p6:index="17" p6:key="" p6:name="Historiskt skuldsaldo">
            <p6:term p6:id="W61301">2017-02</p6:term>
            <p6:term p6:id="W61302">0</p6:term>
            <p6:term p6:id="W61303">0000294026</p6:term>
            <p6:term p6:id="W61304">8</p6:term>
          </p6:group>
          <p6:group p6:id="W613" p6:index="18" p6:key="" p6:name="Historiskt skuldsaldo">
            <p6:term p6:id="W61301">2017-01</p6:term>
            <p6:term p6:id="W61302">0</p6:term>
            <p6:term p6:id="W61303">0000290604</p6:term>
            <p6:term p6:id="W61304">8</p6:term>
          </p6:group>
          <p6:group p6:id="W613" p6:index="19" p6:key="" p6:name="Historiskt skuldsaldo">
            <p6:term p6:id="W61301">2016-12</p6:term>
            <p6:term p6:id="W61302">0</p6:term>
            <p6:term p6:id="W61303">0000288985</p6:term>
            <p6:term p6:id="W61304">8</p6:term>
          </p6:group>
          <p6:group p6:id="W613" p6:index="20" p6:key="" p6:name="Historiskt skuldsaldo">
            <p6:term p6:id="W61301">2016-11</p6:term>
            <p6:term p6:id="W61302">0</p6:term>
            <p6:term p6:id="W61303">0000286965</p6:term>
            <p6:term p6:id="W61304">8</p6:term>
          </p6:group>
          <p6:group p6:id="W613" p6:index="21" p6:key="" p6:name="Historiskt skuldsaldo">
            <p6:term p6:id="W61301">2016-10</p6:term>
            <p6:term p6:id="W61302">0</p6:term>
            <p6:term p6:id="W61303">0000284728</p6:term>
            <p6:term p6:id="W61304">8</p6:term>
          </p6:group>
          <p6:group p6:id="W613" p6:index="22" p6:key="" p6:name="Historiskt skuldsaldo">
            <p6:term p6:id="W61301">2016-09</p6:term>
            <p6:term p6:id="W61302">0</p6:term>
            <p6:term p6:id="W61303">0000240188</p6:term>
            <p6:term p6:id="W61304">7</p6:term>
          </p6:group>
          <p6:group p6:id="W613" p6:index="23" p6:key="" p6:name="Historiskt skuldsaldo">
            <p6:term p6:id="W61301">2016-08</p6:term>
            <p6:term p6:id="W61302">0</p6:term>
            <p6:term p6:id="W61303">0000238455</p6:term>
            <p6:term p6:id="W61304">7</p6:term>
          </p6:group>
          <p6:group p6:id="W990" p6:index="0" p6:key="" p6:name=" ">
            <p6:term p6:id="W99004">90</p6:term>
          </p6:group>
          <p6:group p6:id="W980" p6:index="0" p6:key="" p6:name="Diverseuppgifter">
            <p6:term p6:id="W98001">sammanfattning</p6:term>
            <p6:term p6:id="W98002">anm</p6:term>
            <p6:term p6:id="W98003">kreditomdome</p6:term>
            <p6:term p6:id="W98004">allmant</p6:term>
            <p6:term p6:id="W98021">F01</p6:term>
            <p6:term p6:id="W98023">33</p6:term>
            <p6:term p6:id="W98024">0</p6:term>
            <p6:term p6:id="W98029">0</p6:term>
            <p6:term p6:id="W98036">0</p6:term>
            <p6:term p6:id="W98038">J</p6:term>
            <p6:term p6:id="W98040">Webservices 5</p6:term>
            <p6:term p6:id="W98041">Bostadskreditinstitutet Alma AB (Publ)</p6:term>
            <p6:term p6:id="W98042">20181025</p6:term>
            <p6:term p6:id="W98051">90</p6:term>
            <p6:term p6:id="W98052">1</p6:term>
            <p6:term p6:id="W98054">N</p6:term>
          </p6:group>
          <p6:group p6:id="W981" p6:index="0" p6:key="" p6:name="Aktuella bildval">
            <p6:term p6:id="W98101">H02</p6:term>
            <p6:term p6:id="W98102">Sammanfattning</p6:term>
            <p6:term p6:id="W98103">sammanfattning</p6:term>
            <p6:term p6:id="W98104">#H02</p6:term>
          </p6:group>
          <p6:group p6:id="W981" p6:index="1" p6:key="" p6:name="Aktuella bildval">
            <p6:term p6:id="W98101">H22</p6:term>
            <p6:term p6:id="W98102">Betalningsanmärkningar och andra anmärkningar</p6:term>
            <p6:term p6:id="W98103">anm</p6:term>
            <p6:term p6:id="W98104">#H22</p6:term>
          </p6:group>
          <p6:group p6:id="W981" p6:index="2" p6:key="" p6:name="Aktuella bildval">
            <p6:term p6:id="W98101">H06</p6:term>
            <p6:term p6:id="W98102">Kreditomdöme</p6:term>
            <p6:term p6:id="W98103">kreditomdome</p6:term>
            <p6:term p6:id="W98104">#H06</p6:term>
          </p6:group>
          <p6:group p6:id="W981" p6:index="3" p6:key="" p6:name="Aktuella bildval">
            <p6:term p6:id="W98101">H08</p6:term>
            <p6:term p6:id="W98102">Allmänna uppgifter</p6:term>
            <p6:term p6:id="W98103">allmant</p6:term>
            <p6:term p6:id="W98104">#H08</p6:term>
          </p6:group>
          <p6:group p6:id="W981" p6:index="4" p6:key="" p6:name="Aktuella bildval">
            <p6:term p6:id="W98101">H30</p6:term>
            <p6:term p6:id="W98102">UC:s ansvar</p6:term>
            <p6:term p6:id="W98103" />
            <p6:term p6:id="W98104">#H30</p6:term>
          </p6:group>
        </p6:report>
      </p6:reports>
    </xmlReply>
  </ucReport>
</ucReply>