<BookkeepingRules>
	<CompanyName>Balanzia FI</CompanyName>
	<CommonCostPlace>
		<ObjectNr>20</ObjectNr>
		<ObjectName>Finland</ObjectName>
	</CommonCostPlace>
	<BusinessEvent>
		<BusinessEventName>NewCredit</BusinessEventName>
		<Booking>
			<LedgerAccount>ShouldBePaidToCustomer</LedgerAccount>
			<Connections>Credit,OutgoingPayment</Connections>
			<Accounts>1603,2490</Accounts>       
		</Booking>
	</BusinessEvent>
	<BusinessEvent>
		<BusinessEventName>CapitalizedInitialFee</BusinessEventName>
		<Booking>
			<LedgerAccount>CapitalDebt</LedgerAccount>
			<Connections>Credit</Connections>
			<Accounts>1603,3683</Accounts>
		</Booking>
	</BusinessEvent>
	<BusinessEvent>
		<BusinessEventName>NewOutgoingPaymentFile</BusinessEventName>
		<Booking>
			<LedgerAccount>ShouldBePaidToCustomer</LedgerAccount>
			<Connections>Credit,OutgoingPayment</Connections>
			<Accounts>1970,2490</Accounts>
		</Booking>
		<Booking>
			<LedgerAccount>ShouldBePaidToCustomer</LedgerAccount>
			<Connections>OutgoingPayment</Connections>
			<Accounts>1970,2490</Accounts>
		</Booking>		
	</BusinessEvent>
	<BusinessEvent>
		<BusinessEventName>NewManualIncomingPaymentBatch</BusinessEventName>
		<Booking>
			<LedgerAccount>UnplacedPayment</LedgerAccount>
			<Connections>IncomingPayment</Connections>
			<Accounts>1970,2433</Accounts>
		</Booking>
	</BusinessEvent>
	<BusinessEvent>
		<BusinessEventName>NewIncomingPaymentFile</BusinessEventName>
		<Booking>
			<LedgerAccount>InterestDebt</LedgerAccount>
			<Connections>Credit,Notification,IncomingPayment</Connections>
			<Accounts>3023,1970</Accounts>
		</Booking>
		<Booking>
			<LedgerAccount>InterestDebt</LedgerAccount>
			<Connections>Credit,IncomingPayment</Connections>
			<Accounts>3023,1970</Accounts>
		</Booking>	 
		<Booking>
			<LedgerAccount>NotificationFeeDebt</LedgerAccount>
			<Connections>Credit,Notification,IncomingPayment</Connections>
			<Accounts>3663,1970</Accounts>
		</Booking>
		<Booking>
			<LedgerAccount>ReminderFee</LedgerAccount>
			<Connections>Credit,Notification,IncomingPayment</Connections>
			<Accounts>3673,1970</Accounts>
		</Booking>
		<Booking>
			<LedgerAccount>CapitalDebt</LedgerAccount>
			<Connections>Credit,Notification,IncomingPayment</Connections>
			<Accounts>1603,1970</Accounts>
		</Booking>
		<Booking>
			<LedgerAccount>CapitalDebt</LedgerAccount>
			<Connections>Credit,IncomingPayment</Connections>
			<Accounts>1603,1970</Accounts>
		</Booking>
		<Booking>
			<LedgerAccount>CapitalDebt</LedgerAccount>
			<Connections>Credit,Writeoff</Connections>
			<Accounts>1603,6353</Accounts>
		</Booking>
		<Booking>
			<LedgerAccount>UnplacedPayment</LedgerAccount>
			<Connections>IncomingPayment</Connections>
			<Accounts>1970,2433</Accounts>
		</Booking>		
	</BusinessEvent>	
	<BusinessEvent>
		<BusinessEventName>Repayment</BusinessEventName>
		<Booking>
			<LedgerAccount>ShouldBePaidToCustomer</LedgerAccount>
			<Connections>Credit,OutgoingPayment</Connections>
			<Accounts>2433,2490</Accounts>
		</Booking>
		<Booking>
			<LedgerAccount>ShouldBePaidToCustomer</LedgerAccount>
			<Connections>OutgoingPayment</Connections>
			<Accounts>2433,2490</Accounts>
		</Booking>	 
	</BusinessEvent>  
	<BusinessEvent>
		<BusinessEventName>PlacedUnplacedIncomingPayment</BusinessEventName>
		<Booking>
			<LedgerAccount>InterestDebt</LedgerAccount>
			<Connections>Credit,Notification,IncomingPayment</Connections>
			<Accounts>3023,2433</Accounts>
		</Booking>
		<Booking>
			<LedgerAccount>InterestDebt</LedgerAccount>
			<Connections>Credit,IncomingPayment</Connections>
			<Accounts>3023,2433</Accounts>
		</Booking>	 
		<Booking>
			<LedgerAccount>NotificationFeeDebt</LedgerAccount>
			<Connections>Credit,Notification,IncomingPayment</Connections>
			<Accounts>3663,2433</Accounts>
		</Booking>
		<Booking>
			<LedgerAccount>ReminderFee</LedgerAccount>
			<Connections>Credit,Notification,IncomingPayment</Connections>
			<Accounts>3673,2433</Accounts>
		</Booking>
		<Booking>
			<LedgerAccount>CapitalDebt</LedgerAccount>
			<Connections>Credit,Notification,IncomingPayment</Connections>
			<Accounts>1603,2433</Accounts>
		</Booking>
		<Booking>
			<LedgerAccount>CapitalDebt</LedgerAccount>
			<Connections>Credit,IncomingPayment</Connections>
			<Accounts>1603,2433</Accounts>
		</Booking>
		<Booking>
			<LedgerAccount>CapitalDebt</LedgerAccount>
			<Connections>Credit,Writeoff</Connections>
			<Accounts>1603,6353</Accounts>
		</Booking>
		<Booking>
			<LedgerAccount>UnplacedPayment</LedgerAccount>
			<Connections>IncomingPayment</Connections>
			<Accounts>1970,2433</Accounts>
		</Booking>		
	</BusinessEvent>	
</BookkeepingRules>


